{
  "Ansi 5 Color" : {
    "Red Component" : 0.52156862745098043,
    "Color Space" : "sRGB",
    "Blue Component" : 0.5607843137254902,
    "Alpha Component" : 1,
    "Green Component" : 0.40392156862745099
  },
  "Tags" : [

  ],
  "Ansi 12 Color" : {
    "Red Component" : 0.50588235294117645,
    "Color Space" : "sRGB",
    "Blue Component" : 0.74509803921568629,
    "Alpha Component" : 1,
    "Green Component" : 0.63529411764705879
  },
  "Use Non-ASCII Font" : true,
  "Ansi 6 Color" : {
    "Red Component" : 0.36862745098039218,
    "Color Space" : "sRGB",
    "Blue Component" : 0.52941176470588236,
    "Alpha Component" : 1,
    "Green Component" : 0.55294117647058827
  },
  "Bold Color" : {
    "Red Component" : 0.77254901960784317,
    "Color Space" : "sRGB",
    "Blue Component" : 0.77647058823529413,
    "Alpha Component" : 1,
    "Green Component" : 0.78431372549019607
  },
  "Normal Font" : "Menlo-Regular 16",
  "Transparency" : 0.15250580777826997,
  "Link Color" : {
    "Red Component" : 0.37254901960784315,
    "Color Space" : "sRGB",
    "Blue Component" : 0.61568627450980395,
    "Alpha Component" : 1,
    "Green Component" : 0.50588235294117645
  },
  "Rows" : 25,
  "Default Bookmark" : "No",
  "Horizontal Spacing" : 1,
  "Blend" : 0.16220803801546396,
  "Cursor Guide Color" : {
    "Red Component" : 0.70213186740875244,
    "Color Space" : "sRGB",
    "Blue Component" : 1,
    "Alpha Component" : 0.25,
    "Green Component" : 0.9268307089805603
  },
  "Non-ASCII Anti Aliased" : true,
  "Use Bright Bold" : true,
  "Ansi 10 Color" : {
    "Red Component" : 0.70980392156862748,
    "Color Space" : "sRGB",
    "Blue Component" : 0.40784313725490196,
    "Alpha Component" : 1,
    "Green Component" : 0.74117647058823533
  },
  "Ambiguous Double Width" : false,
  "Jobs to Ignore" : [
    "rlogin",
    "ssh",
    "slogin",
    "telnet"
  ],
  "Ansi 15 Color" : {
    "Red Component" : 0.77254901960784317,
    "Color Space" : "sRGB",
    "Blue Component" : 0.77647058823529413,
    "Alpha Component" : 1,
    "Green Component" : 0.78431372549019607
  },
  "Foreground Color" : {
    "Red Component" : 0.77647058823529413,
    "Color Space" : "sRGB",
    "Blue Component" : 0.81960784313725488,
    "Alpha Component" : 1,
    "Green Component" : 0.78431372549019607
  },
  "Bound Hosts" : [

  ],
  "Working Directory" : "\/Users\/ryotaro",
  "Blinking Cursor" : false,
  "Disable Window Resizing" : true,
  "Sync Title" : false,
  "Prompt Before Closing 2" : false,
  "BM Growl" : true,
  "Command" : "",
  "Description" : "Default",
  "Mouse Reporting" : true,
  "Screen" : -2,
  "Selection Color" : {
    "Red Component" : 0.11764705882352941,
    "Color Space" : "sRGB",
    "Blue Component" : 0.19607843137254902,
    "Alpha Component" : 1,
    "Green Component" : 0.12941176470588237
  },
  "Only The Default BG Color Uses Transparency" : false,
  "Columns" : 80,
  "Idle Code" : 0,
  "Background Image Mode" : 2,
  "Ansi 13 Color" : {
    "Red Component" : 0.69803921568627447,
    "Color Space" : "sRGB",
    "Blue Component" : 0.73333333333333328,
    "Alpha Component" : 1,
    "Green Component" : 0.58039215686274515
  },
  "Brighten Bold Text" : true,
  "Custom Command" : "No",
  "ASCII Anti Aliased" : true,
  "Application Keypad Allowed" : true,
  "Non Ascii Font" : "HackNerdFontComplete-Regular 12",
  "Vertical Spacing" : 1,
  "Use Bold Font" : true,
  "Option Key Sends" : 2,
  "Selected Text Color" : {
    "Red Component" : 0.77647058823529413,
    "Color Space" : "sRGB",
    "Blue Component" : 0.81960784313725488,
    "Alpha Component" : 1,
    "Green Component" : 0.78431372549019607
  },
  "Background Color" : {
    "Red Component" : 0.086274509803921567,
    "Color Space" : "sRGB",
    "Blue Component" : 0.12941176470588237,
    "Alpha Component" : 1,
    "Green Component" : 0.094117647058823528
  },
  "Character Encoding" : 4,
  "Ansi 11 Color" : {
    "Red Component" : 0.94117647058823528,
    "Color Space" : "sRGB",
    "Blue Component" : 0.45490196078431372,
    "Alpha Component" : 1,
    "Green Component" : 0.77647058823529413
  },
  "Use Italic Font" : true,
  "Unlimited Scrollback" : false,
  "Keyboard Map" : {
    "0xf700-0x260000" : {
      "Text" : "[1;6A",
      "Action" : 10
    },
    "0x37-0x40000" : {
      "Text" : "0x1f",
      "Action" : 11
    },
    "0x32-0x40000" : {
      "Text" : "0x00",
      "Action" : 11
    },
    "0xf709-0x20000" : {
      "Text" : "[17;2~",
      "Action" : 10
    },
    "0xf70c-0x20000" : {
      "Text" : "[20;2~",
      "Action" : 10
    },
    "0xf729-0x20000" : {
      "Text" : "[1;2H",
      "Action" : 10
    },
    "0xf72b-0x40000" : {
      "Text" : "[1;5F",
      "Action" : 10
    },
    "0xf705-0x20000" : {
      "Text" : "[1;2Q",
      "Action" : 10
    },
    "0xf703-0x260000" : {
      "Text" : "[1;6C",
      "Action" : 10
    },
    "0xf700-0x220000" : {
      "Text" : "[1;2A",
      "Action" : 10
    },
    "0xf701-0x280000" : {
      "Text" : "0x1b 0x1b 0x5b 0x42",
      "Action" : 11
    },
    "0x38-0x40000" : {
      "Text" : "0x7f",
      "Action" : 11
    },
    "0x33-0x40000" : {
      "Text" : "0x1b",
      "Action" : 11
    },
    "0xf703-0x220000" : {
      "Text" : "[1;2C",
      "Action" : 10
    },
    "0xf701-0x240000" : {
      "Text" : "[1;5B",
      "Action" : 10
    },
    "0xf70d-0x20000" : {
      "Text" : "[21;2~",
      "Action" : 10
    },
    "0xf702-0x260000" : {
      "Text" : "[1;6D",
      "Action" : 10
    },
    "0xf729-0x40000" : {
      "Text" : "[1;5H",
      "Action" : 10
    },
    "0xf706-0x20000" : {
      "Text" : "[1;2R",
      "Action" : 10
    },
    "0x34-0x40000" : {
      "Text" : "0x1c",
      "Action" : 11
    },
    "0xf700-0x280000" : {
      "Text" : "0x1b 0x1b 0x5b 0x41",
      "Action" : 11
    },
    "0x7f-0x0" : {
      "Action" : 16,
      "Text" : ""
    },
    "0x2d-0x40000" : {
      "Text" : "0x1f",
      "Action" : 11
    },
    "0xf70e-0x20000" : {
      "Text" : "[23;2~",
      "Action" : 10
    },
    "0xf702-0x220000" : {
      "Text" : "[1;2D",
      "Action" : 10
    },
    "0xf703-0x280000" : {
      "Text" : "0x1b 0x1b 0x5b 0x43",
      "Action" : 11
    },
    "0xf700-0x240000" : {
      "Text" : "[1;5A",
      "Action" : 10
    },
    "0xf707-0x20000" : {
      "Text" : "[1;2S",
      "Action" : 10
    },
    "0xf70a-0x20000" : {
      "Text" : "[18;2~",
      "Action" : 10
    },
    "0x35-0x40000" : {
      "Text" : "0x1d",
      "Action" : 11
    },
    "0xf70f-0x20000" : {
      "Text" : "[24;2~",
      "Action" : 10
    },
    "0xf703-0x240000" : {
      "Text" : "[1;5C",
      "Action" : 10
    },
    "0xf701-0x260000" : {
      "Text" : "[1;6B",
      "Action" : 10
    },
    "0xf702-0x280000" : {
      "Text" : "0x1b 0x1b 0x5b 0x44",
      "Action" : 11
    },
    "0xf72b-0x20000" : {
      "Text" : "[1;2F",
      "Action" : 10
    },
    "0x36-0x40000" : {
      "Text" : "0x1e",
      "Action" : 11
    },
    "0xf708-0x20000" : {
      "Text" : "[15;2~",
      "Action" : 10
    },
    "0xf701-0x220000" : {
      "Text" : "[1;2B",
      "Action" : 10
    },
    "0xf70b-0x20000" : {
      "Text" : "[19;2~",
      "Action" : 10
    },
    "0xf702-0x240000" : {
      "Text" : "[1;5D",
      "Action" : 10
    },
    "0xf704-0x20000" : {
      "Text" : "[1;2P",
      "Action" : 10
    }
  },
  "Window Type" : 0,
  "Blur Radius" : 6.0477474619289335,
  "Blur" : false,
  "Badge Color" : {
    "Red Component" : 1,
    "Color Space" : "sRGB",
    "Blue Component" : 0,
    "Alpha Component" : 0.5,
    "Green Component" : 0.1491314172744751
  },
  "Scrollback Lines" : 1000,
  "Send Code When Idle" : false,
  "Close Sessions On End" : true,
  "Terminal Type" : "xterm-256color",
  "Visual Bell" : true,
  "Flashing Bell" : false,
  "Silence Bell" : false,
  "Ansi 14 Color" : {
    "Red Component" : 0.54117647058823526,
    "Color Space" : "sRGB",
    "Blue Component" : 0.71764705882352942,
    "Alpha Component" : 1,